{ "hitbox": { "frame 1": [ { "w": 9.000000, "h": 4.000000, "x": 5.000000, "y": -2.000000 } ] }, "hurtbox": { } }