{ "hitbox": { "frame 0": [ { "w": 11.000000, "h": 27.000000, "x": -6.000000, "y": -12.000000 } ] }, "hurtbox": { } }