{ "hitbox": { "frame 1": [ { "w": 17.000000, "h": 4.000000, "x": -3.000000, "y": -2.000000 } ] }, "hurtbox": { } }