{ "hitbox": { "frame 1": [ { "w": 20.000000, "h": 4.000000, "x": -3.000000, "y": 0.000000 } ] }, "hurtbox": { } }