{ "hitbox": { "frame 0": [ { "w": 21.000000, "h": 4.000000, "x": -4.000000, "y": -1.000000 } ] }, "hurtbox": { } }